SET NAMES utf8mb4;

INSERT INTO users (id, email, password, nickname, created_at) VALUES
(1, 'junior@example.com', '$2a$10$dummyEncodedPasswordForJuniorUser0001', '주니어개발자', '2026-04-25 10:00:00'),
(2, 'mentor@example.com', '$2a$10$dummyEncodedPasswordForMentorUser0002', '면접멘토', '2026-04-25 10:03:00'),
(3, 'private@example.com', '$2a$10$dummyEncodedPasswordForPrivateUser0003', '비공개연습러', '2026-04-25 10:06:00');

INSERT INTO tags (id, name) VALUES
(1, 'Java'),
(2, 'OOP'),
(3, 'Spring'),
(4, 'Spring Boot'),
(5, 'JPA'),
(6, 'Database'),
(7, 'SQL'),
(8, 'Transaction'),
(9, 'Network'),
(10, 'HTTP'),
(11, 'REST API'),
(12, 'Operating System'),
(13, 'Data Structure'),
(14, 'Algorithm'),
(15, 'Git'),
(16, 'Security'),
(17, 'Web'),
(18, 'Testing'),
(19, 'Docker'),
(20, 'Redis'),
(21, 'Clean Architecture'),
(22, 'Concurrency'),
(23, 'JVM');

INSERT INTO questions (id, author_id, title, description, career_level, difficulty, visibility, created_at, updated_at) VALUES
(1, 2, '객체지향 프로그래밍이 무엇인지 설명해주세요.', '캡슐화, 상속, 추상화, 다형성을 단순 암기가 아니라 코드 설계 관점에서 설명할 수 있는지 확인하는 질문입니다.', 'JUNIOR', 'EASY', 'PUBLIC', '2026-04-25 10:10:00', '2026-04-25 10:40:00'),
(2, 2, '클래스와 인터페이스의 차이는 무엇인가요?', '구현 상속과 역할 추상화의 차이, 다중 구현 가능성, 의존성 역전 관점까지 답변해보세요.', 'JUNIOR', 'EASY', 'PUBLIC', '2026-04-25 10:12:00', '2026-04-25 10:42:00'),
(3, 2, '오버로딩과 오버라이딩의 차이를 설명해주세요.', '컴파일 타임 다형성과 런타임 다형성의 차이를 함께 설명하면 좋습니다.', 'JUNIOR', 'EASY', 'PUBLIC', '2026-04-25 10:14:00', '2026-04-25 10:44:00'),
(4, 2, '자바에서 equals()와 hashCode()를 함께 재정의해야 하는 이유는 무엇인가요?', 'HashMap, HashSet에서 객체 동등성을 판단하는 방식과 연결해서 설명해보세요.', 'JUNIOR', 'NORMAL', 'PUBLIC', '2026-04-25 10:16:00', '2026-04-25 10:46:00'),
(5, 2, 'String, StringBuilder, StringBuffer의 차이를 설명해주세요.', '불변 객체, 문자열 연산 비용, 동기화 여부를 중심으로 정리해보세요.', 'JUNIOR', 'EASY', 'PUBLIC', '2026-04-25 10:18:00', '2026-04-25 10:48:00'),
(6, 2, '자바 컬렉션 프레임워크에서 List, Set, Map의 차이는 무엇인가요?', '중복 허용, 순서 보장, key-value 구조를 실제 사용 예시와 함께 설명해보세요.', 'JUNIOR', 'EASY', 'PUBLIC', '2026-04-25 10:20:00', '2026-04-25 10:50:00'),
(7, 2, 'ArrayList와 LinkedList의 차이를 설명해주세요.', '조회, 삽입, 삭제의 시간 복잡도와 실제 Java 구현상의 주의점을 함께 설명해보세요.', 'JUNIOR', 'NORMAL', 'PUBLIC', '2026-04-25 10:22:00', '2026-04-25 10:52:00'),
(8, 2, 'HashMap은 내부적으로 어떻게 동작하나요?', '해시 함수, 버킷, 충돌, equals/hashCode와의 관계를 중심으로 답변해보세요.', 'YEAR_1_3', 'NORMAL', 'PUBLIC', '2026-04-25 10:24:00', '2026-04-25 10:54:00'),
(9, 2, 'JVM의 메모리 구조를 설명해주세요.', 'Heap, Stack, Method Area, PC Register, Native Method Stack을 간단히 구분해보세요.', 'JUNIOR', 'NORMAL', 'PUBLIC', '2026-04-25 10:26:00', '2026-04-25 10:56:00'),
(10, 2, '가비지 컬렉션이 필요한 이유와 동작 개념을 설명해주세요.', '객체 생명주기, reachability, Stop-The-World 개념까지 간단히 답변해보세요.', 'YEAR_1_3', 'NORMAL', 'PUBLIC', '2026-04-25 10:28:00', '2026-04-25 10:58:00'),
(11, 2, 'checked exception과 unchecked exception의 차이는 무엇인가요?', '컴파일러 강제 처리 여부와 비즈니스 예외 설계 관점에서 설명해보세요.', 'JUNIOR', 'EASY', 'PUBLIC', '2026-04-25 10:30:00', '2026-04-25 11:00:00'),
(12, 2, 'Spring Framework의 핵심 특징을 설명해주세요.', 'IoC, DI, AOP, PSA를 중심으로 Spring이 해결하려는 문제를 설명해보세요.', 'JUNIOR', 'EASY', 'PUBLIC', '2026-04-25 10:32:00', '2026-04-25 11:02:00'),
(13, 2, 'IoC와 DI의 차이를 설명해주세요.', '객체 생성과 의존관계 제어권이 어디에 있는지 중심으로 설명해보세요.', 'JUNIOR', 'EASY', 'PUBLIC', '2026-04-25 10:34:00', '2026-04-25 11:04:00'),
(14, 2, 'Spring Bean의 생명주기를 설명해주세요.', '빈 생성, 의존성 주입, 초기화 콜백, 사용, 소멸 콜백 순서로 설명해보세요.', 'YEAR_1_3', 'NORMAL', 'PUBLIC', '2026-04-25 10:36:00', '2026-04-25 11:06:00'),
(15, 2, '@Component, @Service, @Repository, @Controller의 차이는 무엇인가요?', '기능상 공통점과 계층 의미, 예외 변환 등 부가 역할을 함께 정리해보세요.', 'JUNIOR', 'EASY', 'PUBLIC', '2026-04-25 10:38:00', '2026-04-25 11:08:00'),
(16, 2, 'Spring MVC 요청 처리 흐름을 설명해주세요.', 'DispatcherServlet, HandlerMapping, Controller, ViewResolver 또는 JSON 응답 흐름을 설명해보세요.', 'JUNIOR', 'NORMAL', 'PUBLIC', '2026-04-25 10:40:00', '2026-04-25 11:10:00'),
(17, 2, '필터와 인터셉터의 차이는 무엇인가요?', '실행 위치, 다루는 관심사, Spring Context 접근 가능성 관점에서 비교해보세요.', 'YEAR_1_3', 'NORMAL', 'PUBLIC', '2026-04-25 10:42:00', '2026-04-25 11:12:00'),
(18, 2, 'AOP가 무엇이고 언제 사용할 수 있나요?', '로깅, 트랜잭션, 보안 같은 횡단 관심사를 예시로 설명해보세요.', 'JUNIOR', 'NORMAL', 'PUBLIC', '2026-04-25 10:44:00', '2026-04-25 11:14:00'),
(19, 2, 'Spring에서 트랜잭션은 어떻게 적용되나요?', '@Transactional, 프록시, 커밋/롤백, 전파 속성을 간단히 설명해보세요.', 'YEAR_1_3', 'NORMAL', 'PUBLIC', '2026-04-25 10:46:00', '2026-04-25 11:16:00'),
(20, 2, '@Transactional이 같은 클래스 내부 메서드 호출에서 동작하지 않을 수 있는 이유는 무엇인가요?', 'Spring AOP 프록시 기반 동작과 self-invocation 문제를 설명해보세요.', 'YEAR_1_3', 'HARD', 'PUBLIC', '2026-04-25 10:48:00', '2026-04-25 11:18:00'),
(21, 2, 'Spring Boot를 사용하는 이유는 무엇인가요?', '자동 설정, 내장 서버, starter 의존성, 운영 편의성을 중심으로 설명해보세요.', 'JUNIOR', 'EASY', 'PUBLIC', '2026-04-25 10:50:00', '2026-04-25 11:20:00'),
(22, 2, 'JPA에서 영속성 컨텍스트란 무엇인가요?', '1차 캐시, 변경 감지, 쓰기 지연, 동일성 보장 관점으로 설명해보세요.', 'YEAR_1_3', 'NORMAL', 'PUBLIC', '2026-04-25 10:52:00', '2026-04-25 11:22:00'),
(23, 2, 'N+1 문제가 무엇이고 어떻게 해결할 수 있나요?', '연관관계 조회 시 추가 쿼리가 반복되는 문제와 fetch join, EntityGraph, batch size 등을 설명해보세요.', 'YEAR_1_3', 'HARD', 'PUBLIC', '2026-04-25 10:54:00', '2026-04-25 11:24:00'),
(24, 2, '데이터베이스 인덱스는 왜 사용하나요?', '조회 성능 향상 원리와 쓰기 성능, 저장 공간, 선택도에 따른 단점을 함께 설명해보세요.', 'JUNIOR', 'NORMAL', 'PUBLIC', '2026-04-25 10:56:00', '2026-04-25 11:26:00'),
(25, 2, '기본키와 외래키의 차이를 설명해주세요.', '식별성, 참조 무결성, 관계 모델링 관점에서 설명해보세요.', 'JUNIOR', 'EASY', 'PUBLIC', '2026-04-25 10:58:00', '2026-04-25 11:28:00'),
(26, 2, 'INNER JOIN과 OUTER JOIN의 차이는 무엇인가요?', '매칭되는 행만 조회하는지, 기준 테이블의 행을 보존하는지 예시와 함께 설명해보세요.', 'JUNIOR', 'EASY', 'PUBLIC', '2026-04-25 11:00:00', '2026-04-25 11:30:00'),
(27, 2, '트랜잭션의 ACID를 설명해주세요.', '원자성, 일관성, 격리성, 지속성을 각각 짧은 예시와 함께 설명해보세요.', 'JUNIOR', 'NORMAL', 'PUBLIC', '2026-04-25 11:02:00', '2026-04-25 11:32:00'),
(28, 2, '트랜잭션 격리 수준에는 어떤 것들이 있나요?', 'READ UNCOMMITTED, READ COMMITTED, REPEATABLE READ, SERIALIZABLE과 Dirty/Non-repeatable/Phantom Read를 연결해보세요.', 'YEAR_1_3', 'HARD', 'PUBLIC', '2026-04-25 11:04:00', '2026-04-25 11:34:00'),
(29, 2, 'HTTP와 HTTPS의 차이는 무엇인가요?', 'HTTP에 TLS 암호화가 추가되었을 때 보안상 어떤 차이가 생기는지 설명해보세요.', 'JUNIOR', 'EASY', 'PUBLIC', '2026-04-25 11:06:00', '2026-04-25 11:36:00'),
(30, 2, 'GET과 POST의 차이를 설명해주세요.', '멱등성, 안전성, 캐싱, 요청 본문 사용 여부를 중심으로 설명해보세요.', 'JUNIOR', 'EASY', 'PUBLIC', '2026-04-25 11:08:00', '2026-04-25 11:38:00'),
(31, 2, 'REST API란 무엇인가요?', '자원, URI, HTTP Method, 상태 코드, 표현을 중심으로 설명해보세요.', 'JUNIOR', 'NORMAL', 'PUBLIC', '2026-04-25 11:10:00', '2026-04-25 11:40:00'),
(32, 2, 'HTTP 상태 코드 200, 201, 400, 401, 403, 404, 500의 의미를 설명해주세요.', 'API 응답 설계에서 어떤 상황에 어떤 상태 코드를 사용할지 연결해서 답변해보세요.', 'JUNIOR', 'EASY', 'PUBLIC', '2026-04-25 11:12:00', '2026-04-25 11:42:00'),
(33, 2, '쿠키, 세션, JWT의 차이를 설명해주세요.', '상태 저장 위치, 서버 확장성, 보안상 주의점을 비교해보세요.', 'YEAR_1_3', 'NORMAL', 'PUBLIC', '2026-04-25 11:14:00', '2026-04-25 11:44:00'),
(34, 2, 'CORS가 무엇이고 왜 발생하나요?', '브라우저의 Same-Origin Policy, preflight 요청, 서버 응답 헤더 관점에서 설명해보세요.', 'YEAR_1_3', 'NORMAL', 'PUBLIC', '2026-04-25 11:16:00', '2026-04-25 11:46:00'),
(35, 2, 'TCP와 UDP의 차이는 무엇인가요?', '연결 지향성, 신뢰성, 순서 보장, 속도 차이를 중심으로 설명해보세요.', 'JUNIOR', 'NORMAL', 'PUBLIC', '2026-04-25 11:18:00', '2026-04-25 11:48:00'),
(36, 2, 'TCP 3-way handshake를 설명해주세요.', 'SYN, SYN/ACK, ACK 흐름과 연결 수립 목적을 설명해보세요.', 'JUNIOR', 'NORMAL', 'PUBLIC', '2026-04-25 11:20:00', '2026-04-25 11:50:00'),
(37, 2, '프로세스와 스레드의 차이를 설명해주세요.', '메모리 공유 여부, 생성 비용, 독립성, 동시성 관점에서 설명해보세요.', 'JUNIOR', 'NORMAL', 'PUBLIC', '2026-04-25 11:22:00', '2026-04-25 11:52:00'),
(38, 2, '동기와 비동기, 블로킹과 논블로킹의 차이를 설명해주세요.', '호출 결과를 기다리는 관점과 제어권 반환 관점을 구분해보세요.', 'YEAR_1_3', 'HARD', 'PUBLIC', '2026-04-25 11:24:00', '2026-04-25 11:54:00'),
(39, 2, '데드락이 무엇이고 발생 조건은 무엇인가요?', '상호 배제, 점유 대기, 비선점, 순환 대기 조건을 설명해보세요.', 'YEAR_1_3', 'NORMAL', 'PUBLIC', '2026-04-25 11:26:00', '2026-04-25 11:56:00'),
(40, 2, '스택과 큐의 차이를 설명해주세요.', 'LIFO, FIFO 구조와 실제 사용 예시를 함께 설명해보세요.', 'JUNIOR', 'EASY', 'PUBLIC', '2026-04-25 11:28:00', '2026-04-25 11:58:00'),
(41, 2, '정렬 알고리즘 중 하나를 선택해 동작 원리와 시간 복잡도를 설명해주세요.', '버블, 선택, 삽입, 병합, 퀵 정렬 중 하나를 골라 설명해보세요.', 'JUNIOR', 'NORMAL', 'PUBLIC', '2026-04-25 11:30:00', '2026-04-25 12:00:00'),
(42, 2, '재귀 함수 사용 시 주의할 점은 무엇인가요?', '종료 조건, 호출 스택, 중복 계산, 스택 오버플로우를 중심으로 설명해보세요.', 'JUNIOR', 'NORMAL', 'PUBLIC', '2026-04-25 11:32:00', '2026-04-25 12:02:00'),
(43, 2, 'Git에서 merge와 rebase의 차이는 무엇인가요?', '히스토리 보존 방식과 협업 시 주의점을 설명해보세요.', 'JUNIOR', 'NORMAL', 'PUBLIC', '2026-04-25 11:34:00', '2026-04-25 12:04:00'),
(44, 2, 'Git conflict가 발생했을 때 어떻게 해결하나요?', '충돌 파일 확인, 수정, add, commit 흐름과 팀원과의 커뮤니케이션을 설명해보세요.', 'JUNIOR', 'EASY', 'PUBLIC', '2026-04-25 11:36:00', '2026-04-25 12:06:00'),
(45, 3, '내 프로젝트에서 JWT 인증 필터를 어떤 흐름으로 구현했는지 설명해보세요.', '개인 포트폴리오 면접 대비용 비공개 질문입니다. 로그인, 토큰 발급, 요청 필터링, SecurityContext 저장 흐름을 정리해보세요.', 'JUNIOR', 'NORMAL', 'PRIVATE', '2026-04-25 11:38:00', '2026-04-25 12:08:00'),
(46, 3, '내 프로젝트에서 Docker Compose를 사용한 이유를 설명해보세요.', '개인 포트폴리오 면접 대비용 비공개 질문입니다. 로컬 개발 환경, DB, 로그 시스템 등과 연결해서 답변해보세요.', 'JUNIOR', 'NORMAL', 'PRIVATE', '2026-04-25 11:40:00', '2026-04-25 12:10:00'),
(47, 3, '내 프로젝트에서 계층형 아키텍처와 클린 아키텍처 중 어떤 선택을 했고 이유는 무엇인가요?', '개인 포트폴리오 면접 대비용 비공개 질문입니다. 의존성 방향과 유스케이스 분리 기준을 정리해보세요.', 'YEAR_1_3', 'HARD', 'PRIVATE', '2026-04-25 11:42:00', '2026-04-25 12:12:00'),
(48, 3, 'Redis 캐시를 적용한다면 어떤 데이터를 캐싱할 수 있을까요?', '개인 포트폴리오 면접 대비용 비공개 질문입니다. 조회 빈도, 변경 빈도, TTL, 캐시 무효화 기준을 함께 설명해보세요.', 'YEAR_1_3', 'NORMAL', 'PRIVATE', '2026-04-25 11:44:00', '2026-04-25 12:14:00');

INSERT INTO question_tags (id, question_id, tag_id) VALUES
(1, 1, 1),
(2, 1, 2),
(3, 2, 1),
(4, 2, 2),
(5, 3, 1),
(6, 3, 2),
(7, 4, 1),
(8, 4, 13),
(9, 5, 1),
(10, 6, 1),
(11, 6, 13),
(12, 7, 1),
(13, 7, 13),
(14, 8, 1),
(15, 8, 13),
(16, 9, 1),
(17, 9, 23),
(18, 10, 1),
(19, 10, 23),
(20, 11, 1),
(21, 12, 3),
(22, 13, 3),
(23, 14, 3),
(24, 15, 3),
(25, 15, 4),
(26, 16, 3),
(27, 16, 4),
(28, 16, 17),
(29, 17, 3),
(30, 17, 4),
(31, 17, 17),
(32, 18, 3),
(33, 19, 3),
(34, 19, 8),
(35, 20, 3),
(36, 20, 8),
(37, 21, 4),
(38, 22, 5),
(39, 23, 5),
(40, 23, 6),
(41, 24, 6),
(42, 24, 7),
(43, 25, 6),
(44, 26, 6),
(45, 26, 7),
(46, 27, 6),
(47, 27, 8),
(48, 28, 6),
(49, 28, 8),
(50, 29, 9),
(51, 29, 10),
(52, 29, 16),
(53, 30, 10),
(54, 30, 17),
(55, 31, 10),
(56, 31, 11),
(57, 31, 17),
(58, 32, 10),
(59, 32, 11),
(60, 33, 10),
(61, 33, 16),
(62, 33, 17),
(63, 34, 10),
(64, 34, 16),
(65, 34, 17),
(66, 35, 9),
(67, 36, 9),
(68, 37, 12),
(69, 37, 22),
(70, 38, 12),
(71, 38, 22),
(72, 39, 12),
(73, 39, 22),
(74, 40, 13),
(75, 41, 13),
(76, 41, 14),
(77, 42, 14),
(78, 43, 15),
(79, 44, 15),
(80, 45, 3),
(81, 45, 4),
(82, 45, 16),
(83, 46, 19),
(84, 47, 21),
(85, 48, 20),
(86, 48, 3);

INSERT INTO user_question_answers (id, user_id, question_id, content, version, created_at, updated_at) VALUES
(1, 1, 1, '객체지향 프로그래밍은 프로그램을 객체들의 협력으로 바라보는 방식입니다. 각 객체는 상태와 행동을 가지고, 캡슐화를 통해 내부 구현을 숨기며, 다형성을 통해 같은 메시지에 대해 다른 구현을 사용할 수 있습니다.', 1, '2026-04-25 13:00:00', '2026-04-25 13:00:00'),
(2, 1, 12, 'Spring은 Java 애플리케이션 개발을 쉽게 하기 위한 프레임워크입니다. 핵심은 IoC 컨테이너가 객체 생성과 의존관계 연결을 관리해주고, DI, AOP, PSA 등을 통해 비즈니스 코드가 인프라 코드에 덜 의존하게 만드는 것입니다.', 2, '2026-04-25 13:07:00', '2026-04-25 13:27:00'),
(3, 1, 19, '@Transactional은 Spring AOP 프록시를 통해 적용됩니다. 메서드 실행 전 트랜잭션을 시작하고 정상 종료 시 커밋하며, 런타임 예외가 발생하면 롤백합니다.', 1, '2026-04-25 13:14:00', '2026-04-25 13:14:00'),
(4, 1, 23, 'N+1은 처음 조회한 N개의 엔티티 각각에 대해 연관 데이터를 조회하는 쿼리가 추가로 발생하는 문제입니다. fetch join, EntityGraph, batch size 설정 등으로 해결할 수 있습니다.', 1, '2026-04-25 13:21:00', '2026-04-25 13:21:00'),
(5, 1, 31, 'REST API는 자원을 URI로 표현하고 HTTP Method로 행위를 표현하는 API 설계 방식입니다. 응답은 보통 JSON 같은 표현으로 전달하며, 상태 코드를 적절히 사용해야 합니다.', 1, '2026-04-25 13:28:00', '2026-04-25 13:28:00'),
(6, 1, 34, 'CORS는 브라우저의 동일 출처 정책 때문에 다른 출처의 API 요청이 제한되는 상황입니다. 서버가 Access-Control-Allow-Origin 같은 헤더를 내려주면 허용할 수 있습니다.', 1, '2026-04-25 13:35:00', '2026-04-25 13:35:00'),
(7, 1, 43, 'merge는 두 브랜치의 변경 이력을 합치며 merge commit이 생길 수 있습니다. rebase는 내 커밋의 base를 다른 브랜치 최신 커밋으로 옮겨 히스토리를 직선에 가깝게 만듭니다.', 1, '2026-04-25 13:42:00', '2026-04-25 13:42:00'),
(8, 3, 45, 'JWT 인증 필터는 요청 헤더에서 토큰을 꺼내 검증하고, 유효한 경우 사용자 정보를 Authentication으로 만들어 SecurityContext에 저장합니다. 이후 컨트롤러에서는 인증된 사용자로 요청을 처리할 수 있습니다.', 1, '2026-04-25 13:49:00', '2026-04-25 13:49:00');

INSERT INTO answer_histories (id, answer_id, content, version, created_at) VALUES
(1, 1, '객체지향 프로그래밍은 프로그램을 객체들의 협력으로 바라보는 방식입니다. 각 객체는 상태와 행동을 가지고, 캡슐화를 통해 내부 구현을 숨기며, 다형성을 통해 같은 메시지에 대해 다른 구현을 사용할 수 있습니다.', 1, '2026-04-25 13:00:00'),
(2, 2, 'Spring Framework는 Java 애플리케이션 개발을 쉽게 하기 위한 프레임워크입니다. 핵심은 IoC 컨테이너가 객체 생성과 의존관계 연결을 관리해주고, DI, AOP, PSA 등을 통해 비즈니스 코드가 인프라 코드에 덜 의존하게 만드는 것입니다.', 1, '2026-04-25 13:05:00'),
(3, 2, 'Spring은 Java 애플리케이션 개발을 쉽게 하기 위한 프레임워크입니다. 핵심은 IoC 컨테이너가 객체 생성과 의존관계 연결을 관리해주고, DI, AOP, PSA 등을 통해 비즈니스 코드가 인프라 코드에 덜 의존하게 만드는 것입니다.', 2, '2026-04-25 13:10:00'),
(4, 3, '@Transactional은 Spring AOP 프록시를 통해 적용됩니다. 메서드 실행 전 트랜잭션을 시작하고 정상 종료 시 커밋하며, 런타임 예외가 발생하면 롤백합니다.', 1, '2026-04-25 13:15:00'),
(5, 4, 'N+1은 처음 조회한 N개의 엔티티 각각에 대해 연관 데이터를 조회하는 쿼리가 추가로 발생하는 문제입니다. fetch join, EntityGraph, batch size 설정 등으로 해결할 수 있습니다.', 1, '2026-04-25 13:20:00'),
(6, 5, 'REST API는 자원을 URI로 표현하고 HTTP Method로 행위를 표현하는 API 설계 방식입니다. 응답은 보통 JSON 같은 표현으로 전달하며, 상태 코드를 적절히 사용해야 합니다.', 1, '2026-04-25 13:25:00'),
(7, 6, 'CORS는 브라우저의 동일 출처 정책 때문에 다른 출처의 API 요청이 제한되는 상황입니다. 서버가 Access-Control-Allow-Origin 같은 헤더를 내려주면 허용할 수 있습니다.', 1, '2026-04-25 13:30:00'),
(8, 7, 'merge는 두 브랜치의 변경 이력을 합치며 merge commit이 생길 수 있습니다. rebase는 내 커밋의 base를 다른 브랜치 최신 커밋으로 옮겨 히스토리를 직선에 가깝게 만듭니다.', 1, '2026-04-25 13:35:00'),
(9, 8, 'JWT 인증 필터는 요청 헤더에서 토큰을 꺼내 검증하고, 유효한 경우 사용자 정보를 Authentication으로 만들어 SecurityContext에 저장합니다. 이후 컨트롤러에서는 인증된 사용자로 요청을 처리할 수 있습니다.', 1, '2026-04-25 13:40:00');

INSERT INTO user_question_reviews (id, user_id, question_id, status, created_at, updated_at) VALUES
(1, 1, 1, 'KNOWN', '2026-04-25 14:00:00', '2026-04-25 14:15:00'),
(2, 1, 12, 'KNOWN', '2026-04-25 14:04:00', '2026-04-25 14:19:00'),
(3, 1, 19, 'UNCERTAIN', '2026-04-25 14:08:00', '2026-04-25 14:23:00'),
(4, 1, 23, 'UNKNOWN', '2026-04-25 14:12:00', '2026-04-25 14:27:00'),
(5, 1, 31, 'KNOWN', '2026-04-25 14:16:00', '2026-04-25 14:31:00'),
(6, 1, 34, 'UNCERTAIN', '2026-04-25 14:20:00', '2026-04-25 14:35:00'),
(7, 1, 43, 'KNOWN', '2026-04-25 14:24:00', '2026-04-25 14:39:00'),
(8, 3, 45, 'UNCERTAIN', '2026-04-25 14:28:00', '2026-04-25 14:43:00'),
(9, 3, 46, 'UNKNOWN', '2026-04-25 14:32:00', '2026-04-25 14:47:00'),
(10, 3, 47, 'UNKNOWN', '2026-04-25 14:36:00', '2026-04-25 14:51:00'),
(11, 3, 48, 'UNCERTAIN', '2026-04-25 14:40:00', '2026-04-25 14:55:00');

INSERT INTO review_logs (id, review_id, status, created_at) VALUES
(1, 1, 'UNKNOWN', '2026-04-25 14:00:00'),
(2, 1, 'KNOWN', '2026-04-25 14:03:00'),
(3, 2, 'UNKNOWN', '2026-04-25 14:06:00'),
(4, 2, 'KNOWN', '2026-04-25 14:09:00'),
(5, 3, 'UNKNOWN', '2026-04-25 14:12:00'),
(6, 3, 'UNCERTAIN', '2026-04-25 14:15:00'),
(7, 4, 'UNKNOWN', '2026-04-25 14:18:00'),
(8, 5, 'UNKNOWN', '2026-04-25 14:21:00'),
(9, 5, 'KNOWN', '2026-04-25 14:24:00'),
(10, 6, 'UNKNOWN', '2026-04-25 14:27:00'),
(11, 6, 'UNCERTAIN', '2026-04-25 14:30:00'),
(12, 7, 'UNKNOWN', '2026-04-25 14:33:00'),
(13, 7, 'KNOWN', '2026-04-25 14:36:00'),
(14, 8, 'UNKNOWN', '2026-04-25 14:39:00'),
(15, 8, 'UNCERTAIN', '2026-04-25 14:42:00'),
(16, 9, 'UNKNOWN', '2026-04-25 14:45:00'),
(17, 10, 'UNKNOWN', '2026-04-25 14:48:00'),
(18, 11, 'UNKNOWN', '2026-04-25 14:51:00'),
(19, 11, 'UNCERTAIN', '2026-04-25 14:54:00');

INSERT INTO bookmarks (id, user_id, question_id, created_at) VALUES
(1, 1, 20, '2026-04-25 15:00:00'),
(2, 1, 23, '2026-04-25 15:06:00'),
(3, 1, 28, '2026-04-25 15:12:00'),
(4, 1, 34, '2026-04-25 15:18:00'),
(5, 1, 38, '2026-04-25 15:24:00'),
(6, 3, 45, '2026-04-25 15:30:00'),
(7, 3, 47, '2026-04-25 15:36:00'),
(8, 3, 48, '2026-04-25 15:42:00');
